{
  "year": [
    2004,
    2005,
    2006,
    2007,
    2008,
    2009,
    2010,
    2011,
    2012,
    2013,
    2014,
    2015,
    2016,
    2017
  ],
  "mobile": [
    47.20970229,
    52.90522486,
    57.62395885,
    61.57580045,
    66.26894203,
    70.56194624,
    75.62882084,
    77.70889847,
    79.3768289,
    80.34784611,
    80.72209502,
    82.61933463,
    84.5231216,
    86.28149306
  ],
  "broadband": [
    17.0231523,
    21.77568932,
    24.72263335,
    27.55877068,
    29.52309639,
    30.49241878,
    31.67752464,
    32.66605015,
    33.47432552,
    34.26529941,
    35.23968495,
    36.40462417,
    36.79332821,
    37.90637316
  ],
  "share": [
    65.95596346,
    71.66,
    72.4,
    73.2,
    76.7,
    80.3,
    80.3,
    83,
    83,
    85.8,
    87.12,
    90,
    91.16,
    92.70137191
  ]
}
